{"generation": {}, "info": {"participant": 0, "exposed": true, "stimuli": [30, 32, 48, 50, 8, 80, 0, 72], "lab": true, "pptmatch": 0, "start": 1520316241166, "categories": [0, 0, 0, 0, 1, 1, 1, 1], "counterbalance": 2, "condition": "Middle", "browser": {"platform": "MacIntel", "userAgent": "Mozilla/5.0 (Macintosh; Intel Mac OS X 10_12_6) AppleWebKit/537.36 (KHTML, like Gecko) Chrome/64.0.3282.186 Safari/537.36"}}, "experiment": {"Paradigm": "TACL", "Stimuli": "Size-Color Squares", "Experiment": "Assigning-Generated-Categories"}, "observation": {"1": {"stimulus": 48, "trial": 1, "rt": 715}, "0": {"stimulus": 50, "trial": 0, "rt": 830}, "3": {"stimulus": 30, "trial": 3, "rt": 732}, "2": {"stimulus": 32, "trial": 2, "rt": 683}, "5": {"stimulus": 0, "trial": 5, "rt": 795}, "4": {"stimulus": 80, "trial": 4, "rt": 820}, "7": {"stimulus": 72, "trial": 7, "rt": 822}, "6": {"stimulus": 8, "trial": 6, "rt": 792}}, "generalization": {}}