{"generation": {}, "info": {"participant": 1, "exposed": true, "stimuli": [12, 14, 30, 32, 59, 73, 66, 72], "lab": true, "pptmatch": 1, "start": 1520316396610, "categories": [0, 0, 0, 0, 1, 1, 1, 1], "counterbalance": 1, "condition": "Bottom", "browser": {"platform": "MacIntel", "userAgent": "Mozilla/5.0 (Macintosh; Intel Mac OS X 10_12_6) AppleWebKit/537.36 (KHTML, like Gecko) Chrome/64.0.3282.186 Safari/537.36"}}, "experiment": {"Paradigm": "TACL", "Stimuli": "Size-Color Squares", "Experiment": "Assigning-Generated-Categories"}, "observation": {"1": {"stimulus": 14, "trial": 1, "rt": 794}, "0": {"stimulus": 30, "trial": 0, "rt": 1027}, "3": {"stimulus": 12, "trial": 3, "rt": 655}, "2": {"stimulus": 32, "trial": 2, "rt": 733}, "5": {"stimulus": 72, "trial": 5, "rt": 866}, "4": {"stimulus": 73, "trial": 4, "rt": 881}, "7": {"stimulus": 66, "trial": 7, "rt": 795}, "6": {"stimulus": 59, "trial": 6, "rt": 842}}, "generalization": {}}