{"info": {"finish": 1520318002445, "participant": 10, "exposed": true, "stimuli": [30, 32, 48, 50, 8, 80, 72, 0], "lab": true, "pptmatch": 10, "start": 1520317975728, "categories": [1, 1, 1, 1, 0, 0, 0, 0], "counterbalance": 0, "condition": "Middle", "browser": {"platform": "MacIntel", "userAgent": "Mozilla/5.0 (Macintosh; Intel Mac OS X 10_12_6) AppleWebKit/537.36 (KHTML, like Gecko) Chrome/64.0.3282.186 Safari/537.36"}}, "assignment": {"1": {"stimulus": 0, "trial": 1, "rt": 1090, "correctcat": 0, "response": "Beta"}, "0": {"stimulus": 50, "trial": 0, "rt": 1099, "correctcat": 1, "response": "Alpha"}, "3": {"stimulus": 72, "trial": 3, "rt": 362, "correctcat": 0, "response": "Beta"}, "2": {"stimulus": 32, "trial": 2, "rt": 2007, "correctcat": 1, "response": "Beta"}, "5": {"stimulus": 30, "trial": 5, "rt": 268, "correctcat": 1, "response": "Alpha"}, "4": {"stimulus": 80, "trial": 4, "rt": 317, "correctcat": 0, "response": "Alpha"}, "7": {"stimulus": 8, "trial": 7, "rt": 295, "correctcat": 0, "response": "Alpha"}, "6": {"stimulus": 48, "trial": 6, "rt": 293, "correctcat": 1, "response": "Alpha"}}, "experiment": {"Paradigm": "TACL", "Stimuli": "Size-Color Squares", "Experiment": "Assigning-Generated-Categories"}, "observation": {"1": {"stimulus": 48, "trial": 1, "rt": 1014}, "0": {"stimulus": 32, "trial": 0, "rt": 848}, "3": {"stimulus": 50, "trial": 3, "rt": 1223}, "2": {"stimulus": 30, "trial": 2, "rt": 822}, "5": {"stimulus": 32, "trial": 5, "rt": 892}, "4": {"stimulus": 30, "trial": 4, "rt": 929}, "7": {"stimulus": 50, "trial": 7, "rt": 584}, "6": {"stimulus": 48, "trial": 6, "rt": 3354}}}