{"info": {"participant": 108, "exposed": false, "stimuli": [12, 14, 30, 32, 26, 80, 62, 44], "lab": null, "pptmatch": 108, "start": 1520806536557, "catflip": false, "categories": [0, 0, 0, 0, 1, 1, 1, 1], "counterbalance": 6, "condition": "Bottom", "browser": {"platform": "MacIntel", "userAgent": "Mozilla/5.0 (Macintosh; Intel Mac OS X 10_12_6) AppleWebKit/537.36 (KHTML, like Gecko) Chrome/64.0.3282.186 Safari/537.36"}}, "assignment": {}, "experiment": {"Paradigm": "TACL", "Stimuli": "Size-Color Squares", "Experiment": "Assigning-Generated-Categories"}, "observation": {}}