{"info": {"participant": 116, "exposed": true, "stimuli": [12, 14, 30, 32, 0, 80, 8, 72], "lab": null, "pptmatch": 116, "start": 1520814606878, "catflip": false, "categories": [0, 0, 0, 0, 1, 1, 1, 1], "counterbalance": 0, "condition": "Bottom", "browser": {"platform": "MacIntel", "userAgent": "Mozilla/5.0 (Macintosh; Intel Mac OS X 10_12_6) AppleWebKit/537.36 (KHTML, like Gecko) Chrome/64.0.3282.186 Safari/537.36"}}, "assignment": {}, "experiment": {"Paradigm": "TACL", "Stimuli": "Size-Color Squares", "Experiment": "Assigning-Generated-Categories"}, "observation": {}}