{"info": {"finish": 1520814744902, "participant": 119, "exposed": true, "stimuli": [30, 32, 48, 50, 1, 0, 20, 10], "lab": true, "pptmatch": 119, "start": 1520814710205, "catflip": true, "categories": [1, 1, 1, 1, 0, 0, 0, 0], "counterbalance": 4, "condition": "Middle", "browser": {"platform": "MacIntel", "userAgent": "Mozilla/5.0 (Macintosh; Intel Mac OS X 10_12_6) AppleWebKit/537.36 (KHTML, like Gecko) Chrome/64.0.3282.186 Safari/537.36"}}, "assignment": {"1": {"stimulus": 20, "trial": 1, "rt": 677, "correctcat": 0, "response": 1}, "0": {"stimulus": 1, "trial": 0, "rt": 930, "correctcat": 0, "response": 0}, "3": {"stimulus": 10, "trial": 3, "rt": 2081, "correctcat": 0, "response": 1}, "2": {"stimulus": 50, "trial": 2, "rt": 484, "correctcat": 1, "response": 0}, "5": {"stimulus": 48, "trial": 5, "rt": 870, "correctcat": 1, "response": 1}, "4": {"stimulus": 32, "trial": 4, "rt": 5773, "correctcat": 1, "response": 0}, "7": {"stimulus": 0, "trial": 7, "rt": 337, "correctcat": 0, "response": 1}, "6": {"stimulus": 30, "trial": 6, "rt": 585, "correctcat": 1, "response": 0}}, "experiment": {"Paradigm": "TACL", "Stimuli": "Size-Color Squares", "Experiment": "Assigning-Generated-Categories"}, "observation": {}}