{"info": {"participant": 122, "exposed": false, "stimuli": [12, 14, 30, 32, 72, 80, 74, 78], "lab": null, "pptmatch": 77, "start": 1520816121183, "catflip": false, "categories": [0, 0, 0, 0, 1, 1, 1, 1], "counterbalance": 0, "condition": "Bottom", "browser": {"platform": "MacIntel", "userAgent": "Mozilla/5.0 (Macintosh; Intel Mac OS X 10_12_6) AppleWebKit/537.36 (KHTML, like Gecko) Chrome/64.0.3282.186 Safari/537.36"}}, "assignment": {}, "experiment": {"Paradigm": "TACL", "Stimuli": "Size-Color Squares", "Experiment": "Assigning-Generated-Categories"}, "observation": {}}