{"info": {"finish": 1520318561563, "participant": 13, "exposed": true, "stimuli": [30, 32, 48, 50, 18, 27, 9, 54], "lab": true, "pptmatch": 13, "start": 1520318525836, "catflip": true, "categories": [1, 1, 1, 1, 0, 0, 0, 0], "counterbalance": 6, "condition": "Middle", "browser": {"platform": "MacIntel", "userAgent": "Mozilla/5.0 (Macintosh; Intel Mac OS X 10_12_6) AppleWebKit/537.36 (KHTML, like Gecko) Chrome/64.0.3282.186 Safari/537.36"}}, "assignment": {"1": {"stimulus": 54, "trial": 1, "rt": 7631, "correctcat": 0, "response": "Beta"}, "0": {"stimulus": 27, "trial": 0, "rt": 901, "correctcat": 0, "response": "Alpha"}, "3": {"stimulus": 48, "trial": 3, "rt": 2121, "correctcat": 1, "response": "Beta"}, "2": {"stimulus": 18, "trial": 2, "rt": 1972, "correctcat": 0, "response": "Alpha"}, "5": {"stimulus": 30, "trial": 5, "rt": 418, "correctcat": 1, "response": "Beta"}, "4": {"stimulus": 32, "trial": 4, "rt": 567, "correctcat": 1, "response": "Beta"}, "7": {"stimulus": 50, "trial": 7, "rt": 457, "correctcat": 1, "response": "Beta"}, "6": {"stimulus": 9, "trial": 6, "rt": 2533, "correctcat": 0, "response": "Beta"}}, "experiment": {"Paradigm": "TACL", "Stimuli": "Size-Color Squares", "Experiment": "Assigning-Generated-Categories"}, "observation": {"1": {"stimulus": 50, "trial": 1, "rt": 629}, "0": {"stimulus": 30, "trial": 0, "rt": 839}, "3": {"stimulus": 32, "trial": 3, "rt": 974}, "2": {"stimulus": 48, "trial": 2, "rt": 963}, "5": {"stimulus": 30, "trial": 5, "rt": 602}, "4": {"stimulus": 48, "trial": 4, "rt": 1535}, "7": {"stimulus": 50, "trial": 7, "rt": 687}, "6": {"stimulus": 32, "trial": 6, "rt": 707}}}