{"info": {"finish": 1520319749154, "participant": 14, "exposed": true, "stimuli": [30, 32, 48, 50, 37, 0, 55, 36], "lab": false, "pptmatch": 14, "start": 1520319723114, "catflip": false, "categories": [0, 0, 0, 0, 1, 1, 1, 1], "counterbalance": 7, "condition": "Middle", "browser": {"platform": "MacIntel", "userAgent": "Mozilla/5.0 (Macintosh; Intel Mac OS X 10_12_6) AppleWebKit/537.36 (KHTML, like Gecko) Chrome/64.0.3282.186 Safari/537.36"}}, "assignment": {"1": {"stimulus": 36, "trial": 1, "rt": 402, "correctcat": 1, "response": "Beta"}, "0": {"stimulus": 50, "trial": 0, "rt": 950, "correctcat": 0, "response": "Beta"}, "3": {"stimulus": 32, "trial": 3, "rt": 385, "correctcat": 0, "response": "Beta"}, "2": {"stimulus": 37, "trial": 2, "rt": 354, "correctcat": 1, "response": "Beta"}, "5": {"stimulus": 30, "trial": 5, "rt": 293, "correctcat": 0, "response": "Beta"}, "4": {"stimulus": 48, "trial": 4, "rt": 296, "correctcat": 0, "response": "Beta"}, "7": {"stimulus": 55, "trial": 7, "rt": 253, "correctcat": 1, "response": "Beta"}, "6": {"stimulus": 0, "trial": 6, "rt": 284, "correctcat": 1, "response": "Beta"}}, "experiment": {"Paradigm": "TACL", "Stimuli": "Size-Color Squares", "Experiment": "Assigning-Generated-Categories"}, "observation": {"1": {"stimulus": 30, "trial": 1, "rt": 957}, "0": {"stimulus": 48, "trial": 0, "rt": 901}, "3": {"stimulus": 32, "trial": 3, "rt": 794}, "2": {"stimulus": 50, "trial": 2, "rt": 794}, "5": {"stimulus": 36, "trial": 5, "rt": 814}, "4": {"stimulus": 55, "trial": 4, "rt": 1050}, "7": {"stimulus": 0, "trial": 7, "rt": 827}, "6": {"stimulus": 37, "trial": 6, "rt": 883}}}