{"info": {"participant": 142, "exposed": false, "stimuli": [30, 32, 48, 50, 78, 75, 77, 80], "lab": null, "pptmatch": 79, "start": 1520817744492, "catflip": true, "categories": [1, 1, 1, 1, 0, 0, 0, 0], "counterbalance": 3, "condition": "Middle", "browser": {"platform": "MacIntel", "userAgent": "Mozilla/5.0 (Macintosh; Intel Mac OS X 10_12_6) AppleWebKit/537.36 (KHTML, like Gecko) Chrome/64.0.3282.186 Safari/537.36"}}, "assignment": {}, "experiment": {"Paradigm": "TACL", "Stimuli": "Size-Color Squares", "Experiment": "Assigning-Generated-Categories"}, "observation": {}}