{"info": {"participant": 152, "exposed": false, "stimuli": [30, 32, 48, 50, 74, 77, 63, 72], "lab": null, "pptmatch": 96, "start": 1520819181528, "catflip": true, "categories": [1, 1, 1, 1, 0, 0, 0, 0], "counterbalance": 4, "condition": "Middle", "browser": {"platform": "MacIntel", "userAgent": "Mozilla/5.0 (Macintosh; Intel Mac OS X 10_12_6) AppleWebKit/537.36 (KHTML, like Gecko) Chrome/64.0.3282.186 Safari/537.36"}}, "assignment": {}, "experiment": {"Paradigm": "TACL", "Stimuli": "Size-Color Squares", "Experiment": "Assigning-Generated-Categories"}, "goodness": {}}