{"info": {"participant": 160, "exposed": false, "stimuli": [30, 32, 48, 50, 1, 0, 7, 3], "lab": null, "pptmatch": 60, "start": 1520819694152, "catflip": true, "categories": [1, 1, 1, 1, 0, 0, 0, 0], "counterbalance": 0, "condition": "Middle", "browser": {"platform": "MacIntel", "userAgent": "Mozilla/5.0 (Macintosh; Intel Mac OS X 10_12_6) AppleWebKit/537.36 (KHTML, like Gecko) Chrome/64.0.3282.186 Safari/537.36"}}, "assignment": {}, "experiment": {"Paradigm": "TACL", "Stimuli": "Size-Color Squares", "Experiment": "Assigning-Generated-Categories"}, "goodness": {"1": {"stimulus": 7, "trial": 1, "rt": 431}, "0": {"stimulus": 32, "trial": 0, "rt": 1219}, "3": {"stimulus": 50, "trial": 3, "rt": 353}, "2": {"stimulus": 3, "trial": 2, "rt": 387}, "5": {"stimulus": 0, "trial": 5, "rt": 316}, "4": {"stimulus": 1, "trial": 4, "rt": 376}, "7": {"stimulus": 30, "trial": 7, "rt": 375}, "6": {"stimulus": 48, "trial": 6, "rt": 387}, "8": {"stimulus": 30, "trial": 8, "rt": 565}}}