{"info": {"participant": 164, "exposed": false, "stimuli": [12, 14, 30, 32, 46, 72, 9, 27], "lab": null, "pptmatch": 110, "start": 1520820281619, "catflip": false, "categories": [0, 0, 0, 0, 1, 1, 1, 1], "counterbalance": 1, "condition": "Bottom", "browser": {"platform": "MacIntel", "userAgent": "Mozilla/5.0 (Macintosh; Intel Mac OS X 10_12_6) AppleWebKit/537.36 (KHTML, like Gecko) Chrome/64.0.3282.186 Safari/537.36"}}, "assignment": {}, "experiment": {"Paradigm": "TACL", "Stimuli": "Size-Color Squares", "Experiment": "Assigning-Generated-Categories"}, "goodness": {}}