{"info": {"participant": 165, "exposed": false, "stimuli": [30, 32, 48, 50, 76, 72, 8, 0], "lab": null, "pptmatch": 121, "start": 1520820913252, "catflip": true, "categories": [1, 1, 1, 1, 0, 0, 0, 0], "counterbalance": 1, "condition": "Middle", "browser": {"platform": "MacIntel", "userAgent": "Mozilla/5.0 (Macintosh; Intel Mac OS X 10_12_6) AppleWebKit/537.36 (KHTML, like Gecko) Chrome/64.0.3282.186 Safari/537.36"}}, "assignment": {}, "experiment": {"Paradigm": "TACL", "Stimuli": "Size-Color Squares", "Experiment": "Assigning-Generated-Categories"}, "goodness": {}}