{"info": {"finish": 1520822282354, "participant": 169, "exposed": false, "stimuli": [30, 32, 48, 50, 7, 8, 5, 6], "lab": null, "pptmatch": 3, "start": 1520821630764, "catflip": true, "categories": [1, 1, 1, 1, 0, 0, 0, 0], "counterbalance": 2, "condition": "Middle", "browser": {"platform": "MacIntel", "userAgent": "Mozilla/5.0 (Macintosh; Intel Mac OS X 10_12_6) AppleWebKit/537.36 (KHTML, like Gecko) Chrome/64.0.3282.186 Safari/537.36"}}, "assignment": {}, "experiment": {"Paradigm": "TACL", "Stimuli": "Size-Color Squares", "Experiment": "Assigning-Generated-Categories"}, "goodness": {"1": {"stimulus": 7, "trial": 1, "rt": 1074, "rating": "4"}, "0": {"stimulus": 32, "trial": 0, "rt": 2501, "rating": "6"}, "3": {"stimulus": 5, "trial": 3, "rt": 2852, "rating": "2"}, "2": {"stimulus": 30, "trial": 2, "rt": 748, "rating": "3"}, "5": {"stimulus": 8, "trial": 5, "rt": 1107, "rating": "2"}, "4": {"stimulus": 6, "trial": 4, "rt": 896, "rating": "2"}, "7": {"stimulus": 50, "trial": 7, "rt": 906, "rating": "2"}, "6": {"stimulus": 48, "trial": 6, "rt": 1154, "rating": "2"}}}