{"info": {"finish": 1520822627472, "participant": 171, "exposed": false, "stimuli": [30, 32, 48, 50, 73, 72, 64, 63], "lab": null, "pptmatch": 42, "start": 1520822597015, "catflip": true, "categories": [1, 1, 1, 1, 0, 0, 0, 0], "counterbalance": 7, "condition": "Middle", "browser": {"platform": "MacIntel", "userAgent": "Mozilla/5.0 (Macintosh; Intel Mac OS X 10_12_6) AppleWebKit/537.36 (KHTML, like Gecko) Chrome/64.0.3282.186 Safari/537.36"}}, "assignment": {}, "experiment": {"Paradigm": "TACL", "Stimuli": "Size-Color Squares", "Experiment": "Assigning-Generated-Categories"}, "goodness": {"1": {"stimulus": 32, "trial": 1, "categoryRate": "NA", "rt": 1997, "rating": "7"}, "0": {"stimulus": 64, "trial": 0, "categoryRate": "NA", "rt": 2330, "rating": "7"}, "3": {"stimulus": 30, "trial": 3, "categoryRate": "NA", "rt": 903, "rating": "3"}, "2": {"stimulus": 50, "trial": 2, "categoryRate": "NA", "rt": 1312, "rating": "4"}, "5": {"stimulus": 72, "trial": 5, "categoryRate": "NA", "rt": 2831, "rating": "8"}, "4": {"stimulus": 73, "trial": 4, "categoryRate": "NA", "rt": 1221, "rating": "7"}, "7": {"stimulus": 63, "trial": 7, "categoryRate": "NA", "rt": 1409, "rating": "7"}, "6": {"stimulus": 48, "trial": 6, "categoryRate": "NA", "rt": 1378, "rating": "8"}, "9": {"stimulus": 63, "trial": 9, "categoryRate": "Beta", "rt": 11840, "rating": "6"}, "8": {"stimulus": 63, "trial": 8, "categoryRate": "Alpha", "rt": 3594, "rating": "2"}}}