{"info": {"finish": 1520822657487, "participant": 172, "exposed": false, "stimuli": [30, 32, 48, 50, 76, 72, 8, 0], "lab": null, "pptmatch": 121, "start": 1520822643715, "catflip": true, "categories": [1, 1, 1, 1, 0, 0, 0, 0], "counterbalance": 1, "condition": "Middle", "browser": {"platform": "MacIntel", "userAgent": "Mozilla/5.0 (Macintosh; Intel Mac OS X 10_12_6) AppleWebKit/537.36 (KHTML, like Gecko) Chrome/64.0.3282.186 Safari/537.36"}}, "assignment": {}, "experiment": {"Paradigm": "TACL", "Stimuli": "Size-Color Squares", "Experiment": "Assigning-Generated-Categories"}, "goodness": {"1": {"stimulus": 30, "trial": 1, "categoryRate": "NA", "rt": 732, "rating": "8"}, "0": {"stimulus": 32, "trial": 0, "categoryRate": "NA", "rt": 2165, "rating": "7"}, "3": {"stimulus": 48, "trial": 3, "categoryRate": "NA", "rt": 735, "rating": "8"}, "2": {"stimulus": 72, "trial": 2, "categoryRate": "NA", "rt": 884, "rating": "8"}, "5": {"stimulus": 76, "trial": 5, "categoryRate": "NA", "rt": 827, "rating": "8"}, "4": {"stimulus": 50, "trial": 4, "categoryRate": "NA", "rt": 738, "rating": "8"}, "7": {"stimulus": 0, "trial": 7, "categoryRate": "NA", "rt": 1345, "rating": "8"}, "6": {"stimulus": 8, "trial": 6, "categoryRate": "NA", "rt": 1499, "rating": "8"}, "9": {"stimulus": 0, "trial": 9, "categoryRate": "Beta", "rt": 239, "rating": "5"}, "8": {"stimulus": 0, "trial": 8, "categoryRate": "Alpha", "rt": 3203, "rating": "8"}}}