{"info": {"finish": 1520823032012, "participant": 174, "exposed": false, "stimuli": [30, 32, 48, 50, 78, 75, 77, 80], "lab": null, "pptmatch": 79, "start": 1520822817316, "catflip": true, "categories": [1, 1, 1, 1, 0, 0, 0, 0], "counterbalance": 3, "condition": "Middle", "browser": {"platform": "MacIntel", "userAgent": "Mozilla/5.0 (Macintosh; Intel Mac OS X 10_12_6) AppleWebKit/537.36 (KHTML, like Gecko) Chrome/64.0.3282.186 Safari/537.36"}}, "assignment": {}, "experiment": {"Paradigm": "TACL", "Stimuli": "Size-Color Squares", "Experiment": "Assigning-Generated-Categories"}, "goodness": {"1": {"stimulus": 75, "trial": 1, "categoryRate": "NA", "rt": 1063, "rating": "9"}, "0": {"stimulus": 50, "trial": 0, "categoryRate": "NA", "rt": 2005, "rating": "8"}, "3": {"stimulus": 78, "trial": 3, "categoryRate": "NA", "rt": 1310, "rating": "8"}, "2": {"stimulus": 48, "trial": 2, "categoryRate": "NA", "rt": 1364, "rating": "2"}, "5": {"stimulus": 32, "trial": 5, "categoryRate": "NA", "rt": 758, "rating": "8"}, "4": {"stimulus": 80, "trial": 4, "categoryRate": "NA", "rt": 1321, "rating": "8"}, "7": {"stimulus": 30, "trial": 7, "categoryRate": "NA", "rt": 782, "rating": "8"}, "6": {"stimulus": 77, "trial": 6, "categoryRate": "NA", "rt": 961, "rating": "9"}, "9": {"stimulus": 30, "trial": 9, "categoryRate": "Alpha", "rt": 7889, "rating": "8"}, "8": {"stimulus": 30, "trial": 8, "categoryRate": "Beta", "rt": 3323, "rating": "8"}}}