{"info": {"participant": 175, "exposed": true, "stimuli": [30, 32, 48, 50, 17, 8, 4, 0], "lab": true, "pptmatch": 61, "start": 1520823092024, "catflip": true, "categories": [1, 1, 1, 1, 0, 0, 0, 0], "counterbalance": 2, "condition": "Middle", "browser": {"platform": "MacIntel", "userAgent": "Mozilla/5.0 (Macintosh; Intel Mac OS X 10_12_6) AppleWebKit/537.36 (KHTML, like Gecko) Chrome/64.0.3282.186 Safari/537.36"}}, "assignment": {"1": {"stimulus": 4, "trial": 1, "rt": 907, "correctcat": 0, "response": 0}, "0": {"stimulus": 30, "trial": 0, "rt": 1533, "correctcat": 1, "response": 1}, "3": {"stimulus": 32, "trial": 3, "rt": 4757, "correctcat": 1, "response": 0}, "2": {"stimulus": 17, "trial": 2, "rt": 778, "correctcat": 0, "response": 0}, "5": {"stimulus": 8, "trial": 5, "rt": 1213, "correctcat": 0, "response": 0}, "4": {"stimulus": 50, "trial": 4, "rt": 1034, "correctcat": 1, "response": 1}, "7": {"stimulus": 0, "trial": 7, "rt": 1108, "correctcat": 0, "response": 0}, "6": {"stimulus": 48, "trial": 6, "rt": 9480, "correctcat": 1, "response": 1}}, "experiment": {"Paradigm": "TACL", "Stimuli": "Size-Color Squares", "Experiment": "Assigning-Generated-Categories"}, "goodness": {}}