{"info": {"finish": 1520823388380, "participant": 176, "exposed": true, "stimuli": [12, 14, 30, 32, 0, 72, 18, 36], "lab": true, "pptmatch": 92, "start": 1520823242732, "catflip": false, "categories": [0, 0, 0, 0, 1, 1, 1, 1], "counterbalance": 0, "condition": "Bottom", "browser": {"platform": "MacIntel", "userAgent": "Mozilla/5.0 (Macintosh; Intel Mac OS X 10_12_6) AppleWebKit/537.36 (KHTML, like Gecko) Chrome/64.0.3282.186 Safari/537.36"}}, "assignment": {"1": {"stimulus": 18, "trial": 1, "rt": 3628, "correctcat": 1, "response": 1}, "0": {"stimulus": 0, "trial": 0, "rt": 566, "correctcat": 1, "response": 0}, "3": {"stimulus": 72, "trial": 3, "rt": 1408, "correctcat": 1, "response": 0}, "2": {"stimulus": 36, "trial": 2, "rt": 1694, "correctcat": 1, "response": 0}, "5": {"stimulus": 12, "trial": 5, "rt": 694, "correctcat": 0, "response": 0}, "4": {"stimulus": 14, "trial": 4, "rt": 1686, "correctcat": 0, "response": 0}, "7": {"stimulus": 30, "trial": 7, "rt": 530, "correctcat": 0, "response": 0}, "6": {"stimulus": 32, "trial": 6, "rt": 795, "correctcat": 0, "response": 0}}, "experiment": {"Paradigm": "TACL", "Stimuli": "Size-Color Squares", "Experiment": "Assigning-Generated-Categories"}, "goodness": {"1": {"stimulus": 12, "trial": 1, "categoryRate": "NA", "rt": 2635, "rating": "8"}, "0": {"stimulus": 18, "trial": 0, "categoryRate": "NA", "rt": 16663, "rating": "1"}, "3": {"stimulus": 72, "trial": 3, "categoryRate": "NA", "rt": 1373, "rating": "3"}, "2": {"stimulus": 30, "trial": 2, "categoryRate": "NA", "rt": 1437, "rating": "8"}, "5": {"stimulus": 36, "trial": 5, "categoryRate": "NA", "rt": 1218, "rating": "7"}, "4": {"stimulus": 0, "trial": 4, "categoryRate": "NA", "rt": 1153, "rating": "8"}, "7": {"stimulus": 32, "trial": 7, "categoryRate": "NA", "rt": 34307, "rating": "8"}, "6": {"stimulus": 14, "trial": 6, "categoryRate": "NA", "rt": 1140, "rating": "7"}, "9": {"stimulus": 32, "trial": 9, "categoryRate": "Alpha", "rt": 1276, "rating": "9"}, "8": {"stimulus": 32, "trial": 8, "categoryRate": "Beta", "rt": 2838, "rating": "7"}}}