{"info": {"finish": 1520823628658, "participant": 180, "exposed": true, "stimuli": [12, 14, 30, 32, 72, 0, 74, 80], "lab": true, "pptmatch": 62, "start": 1520823543174, "catflip": false, "categories": [0, 0, 0, 0, 1, 1, 1, 1], "counterbalance": 3, "condition": "Bottom", "browser": {"platform": "MacIntel", "userAgent": "Mozilla/5.0 (Macintosh; Intel Mac OS X 10_12_6) AppleWebKit/537.36 (KHTML, like Gecko) Chrome/64.0.3282.186 Safari/537.36"}}, "assignment": {"1": {"stimulus": 32, "trial": 1, "rt": 663, "correctcat": 0, "response": 1}, "0": {"stimulus": 74, "trial": 0, "rt": 817, "correctcat": 1, "response": 0}, "3": {"stimulus": 14, "trial": 3, "rt": 1277, "correctcat": 0, "response": 1}, "2": {"stimulus": 0, "trial": 2, "rt": 547, "correctcat": 1, "response": 1}, "5": {"stimulus": 80, "trial": 5, "rt": 763, "correctcat": 1, "response": 1}, "4": {"stimulus": 72, "trial": 4, "rt": 732, "correctcat": 1, "response": 0}, "7": {"stimulus": 30, "trial": 7, "rt": 466, "correctcat": 0, "response": 1}, "6": {"stimulus": 12, "trial": 6, "rt": 550, "correctcat": 0, "response": 0}}, "experiment": {"Paradigm": "TACL", "Stimuli": "Size-Color Squares", "Experiment": "Assigning-Generated-Categories"}, "goodness": {"1": {"stimulus": 0, "trial": 1, "categoryRate": "NA", "rt": 1760, "rating": "1"}, "0": {"stimulus": 80, "trial": 0, "categoryRate": "NA", "rt": 4377, "rating": "8"}, "3": {"stimulus": 12, "trial": 3, "categoryRate": "NA", "rt": 1231, "rating": "8"}, "2": {"stimulus": 72, "trial": 2, "categoryRate": "NA", "rt": 1478, "rating": "7"}, "5": {"stimulus": 74, "trial": 5, "categoryRate": "NA", "rt": 2458, "rating": "8"}, "4": {"stimulus": 14, "trial": 4, "categoryRate": "NA", "rt": 1388, "rating": "8"}, "7": {"stimulus": 32, "trial": 7, "categoryRate": "NA", "rt": 2166, "rating": "2"}, "6": {"stimulus": 30, "trial": 6, "categoryRate": "NA", "rt": 1138, "rating": "7"}, "9": {"stimulus": 32, "trial": 9, "categoryRate": "Alpha", "rt": 2176, "rating": "2"}, "8": {"stimulus": 32, "trial": 8, "categoryRate": "Beta", "rt": 37529, "rating": "8"}}}