{"info": {"participant": 181, "exposed": true, "stimuli": [30, 32, 48, 50, 80, 75, 8, 0], "lab": true, "pptmatch": 32, "start": 1520824336940, "catflip": true, "categories": [1, 1, 1, 1, 0, 0, 0, 0], "counterbalance": 3, "condition": "Middle", "browser": {"platform": "MacIntel", "userAgent": "Mozilla/5.0 (Macintosh; Intel Mac OS X 10_12_6) AppleWebKit/537.36 (KHTML, like Gecko) Chrome/64.0.3282.186 Safari/537.36"}}, "assignment": {"1": {"stimulus": 50, "trial": 1, "rt": 637, "correctcat": 1, "response": 1}, "0": {"stimulus": 8, "trial": 0, "rt": 1134, "correctcat": 0, "response": 0}, "3": {"stimulus": 75, "trial": 3, "rt": 345, "correctcat": 0, "response": 1}, "2": {"stimulus": 48, "trial": 2, "rt": 415, "correctcat": 1, "response": 0}, "5": {"stimulus": 80, "trial": 5, "rt": 182, "correctcat": 0, "response": 0}, "4": {"stimulus": 30, "trial": 4, "rt": 404, "correctcat": 1, "response": 1}, "7": {"stimulus": 32, "trial": 7, "rt": 416, "correctcat": 1, "response": 1}, "6": {"stimulus": 0, "trial": 6, "rt": 524, "correctcat": 0, "response": 1}}, "experiment": {"Paradigm": "TACL", "Stimuli": "Size-Color Squares", "Experiment": "Assigning-Generated-Categories"}, "goodness": {}}