{"info": {"finish": 1520824512786, "participant": 182, "exposed": true, "stimuli": [12, 14, 30, 32, 20, 0, 27, 10], "lab": true, "pptmatch": 51, "start": 1520824436377, "catflip": true, "categories": [1, 1, 1, 1, 0, 0, 0, 0], "counterbalance": 7, "condition": "Bottom", "browser": {"platform": "MacIntel", "userAgent": "Mozilla/5.0 (Macintosh; Intel Mac OS X 10_12_6) AppleWebKit/537.36 (KHTML, like Gecko) Chrome/64.0.3282.186 Safari/537.36"}}, "assignment": {"1": {"stimulus": 12, "trial": 1, "rt": 400, "correctcat": 1, "response": 1}, "0": {"stimulus": 32, "trial": 0, "rt": 1225, "correctcat": 1, "response": 1}, "3": {"stimulus": 30, "trial": 3, "rt": 479, "correctcat": 1, "response": 1}, "2": {"stimulus": 0, "trial": 2, "rt": 572, "correctcat": 0, "response": 1}, "5": {"stimulus": 10, "trial": 5, "rt": 570, "correctcat": 0, "response": 1}, "4": {"stimulus": 14, "trial": 4, "rt": 457, "correctcat": 1, "response": 1}, "7": {"stimulus": 20, "trial": 7, "rt": 435, "correctcat": 0, "response": 1}, "6": {"stimulus": 27, "trial": 6, "rt": 776, "correctcat": 0, "response": 1}}, "experiment": {"Paradigm": "TACL", "Stimuli": "Size-Color Squares", "Experiment": "Assigning-Generated-Categories"}, "goodness": {"1": {"stimulus": 10, "trial": 1, "categoryRate": "NA", "rt": 1771, "rating": 2}, "0": {"stimulus": 0, "trial": 0, "categoryRate": "NA", "rt": 2152, "rating": 7}, "3": {"stimulus": 30, "trial": 3, "categoryRate": "NA", "rt": 894, "rating": 7}, "2": {"stimulus": 12, "trial": 2, "categoryRate": "NA", "rt": 22503, "rating": 9}, "5": {"stimulus": 20, "trial": 5, "categoryRate": "NA", "rt": 1544, "rating": 8}, "4": {"stimulus": 32, "trial": 4, "categoryRate": "NA", "rt": 2470, "rating": 3}, "7": {"stimulus": 14, "trial": 7, "categoryRate": "NA", "rt": 5157, "rating": 8}, "6": {"stimulus": 27, "trial": 6, "categoryRate": "NA", "rt": 1906, "rating": 3}, "9": {"stimulus": "NA", "trial": 9, "categoryRate": "Alpha", "rt": 1199, "rating": 3}, "8": {"stimulus": "NA", "trial": 8, "categoryRate": "Beta", "rt": 16640, "rating": 6}}}