{"info": {"finish": 1520829814915, "participant": 183, "exposed": true, "stimuli": [12, 14, 30, 32, 73, 72, 64, 63], "lab": true, "pptmatch": 69, "start": 1520829782522, "catflip": true, "categories": [1, 1, 1, 1, 0, 0, 0, 0], "counterbalance": 7, "condition": "Bottom", "browser": {"platform": "MacIntel", "userAgent": "Mozilla/5.0 (Macintosh; Intel Mac OS X 10_12_6) AppleWebKit/537.36 (KHTML, like Gecko) Chrome/64.0.3282.186 Safari/537.36"}}, "assignment": {"1": {"stimulus": 32, "trial": 1, "rt": 118, "correctcat": 1, "response": 0}, "0": {"stimulus": 14, "trial": 0, "rt": 584, "correctcat": 1, "response": 0}, "3": {"stimulus": 12, "trial": 3, "rt": 207, "correctcat": 1, "response": 0}, "2": {"stimulus": 63, "trial": 2, "rt": 339, "correctcat": 0, "response": 0}, "5": {"stimulus": 73, "trial": 5, "rt": 357, "correctcat": 0, "response": 0}, "4": {"stimulus": 30, "trial": 4, "rt": 393, "correctcat": 1, "response": 0}, "7": {"stimulus": 72, "trial": 7, "rt": 393, "correctcat": 0, "response": 0}, "6": {"stimulus": 64, "trial": 6, "rt": 232, "correctcat": 0, "response": 0}}, "experiment": {"Paradigm": "TACL", "Stimuli": "Size-Color Squares", "Experiment": "Assigning-Generated-Categories"}, "goodness": {"1": {"stimulus": 30, "trial": 1, "categoryRate": "NA", "rt": 1163, "rating": 8}, "0": {"stimulus": 12, "trial": 0, "categoryRate": "NA", "rt": 2231, "rating": 7}, "3": {"stimulus": 32, "trial": 3, "categoryRate": "NA", "rt": 1097, "rating": 8}, "2": {"stimulus": 63, "trial": 2, "categoryRate": "NA", "rt": 1296, "rating": 8}, "5": {"stimulus": 73, "trial": 5, "categoryRate": "NA", "rt": 985, "rating": 7}, "4": {"stimulus": 64, "trial": 4, "categoryRate": "NA", "rt": 1219, "rating": 8}, "7": {"stimulus": 14, "trial": 7, "categoryRate": "NA", "rt": 1274, "rating": 7}, "6": {"stimulus": 72, "trial": 6, "categoryRate": "NA", "rt": 768, "rating": 8}, "9": {"stimulus": -1, "trial": 9, "categoryRate": "Beta", "rt": 859, "rating": 2}, "8": {"stimulus": -1, "trial": 8, "categoryRate": "Alpha", "rt": 1760, "rating": 8}}}