{"info": {"participant": 195, "exposed": true, "stimuli": [30, 32, 48, 50, 79, 8, 70, 17], "lab": null, "pptmatch": 97, "start": 1520888933042, "catflip": true, "categories": [1, 1, 1, 1, 0, 0, 0, 0], "counterbalance": 3, "condition": "Middle", "browser": {"platform": "MacIntel", "userAgent": "Mozilla/5.0 (Macintosh; Intel Mac OS X 10_12_6) AppleWebKit/537.36 (KHTML, like Gecko) Chrome/64.0.3282.186 Safari/537.36"}}, "assignment": {}, "experiment": {"Paradigm": "TACL", "Stimuli": "Size-Color Squares", "Experiment": "Assigning-Generated-Categories"}, "goodness": {}, "submit": {}}