{"info": {"participant": 199, "exposed": false, "stimuli": [30, 32, 48, 50, 35, 43, 8, 71], "lab": null, "pptmatch": 109, "start": 1520890240604, "catflip": false, "categories": [0, 0, 0, 0, 1, 1, 1, 1], "counterbalance": 3, "condition": "Middle", "browser": {"platform": "MacIntel", "userAgent": "Mozilla/5.0 (Macintosh; Intel Mac OS X 10_12_6) AppleWebKit/537.36 (KHTML, like Gecko) Chrome/64.0.3282.186 Safari/537.36"}}, "assignment": {}, "experiment": {"Paradigm": "TACL", "Stimuli": "Size-Color Squares", "Experiment": "Assigning-Generated-Categories"}, "goodness": {}, "submit": {}}