{"generation": {}, "info": {"participant": 2, "exposed": true, "stimuli": [12, 14, 30, 32, 75, 76, 74, 73], "lab": true, "pptmatch": 2, "start": 1520317559676, "categories": [1, 1, 1, 1, 0, 0, 0, 0], "counterbalance": 5, "condition": "Bottom", "browser": {"platform": "MacIntel", "userAgent": "Mozilla/5.0 (Macintosh; Intel Mac OS X 10_12_6) AppleWebKit/537.36 (KHTML, like Gecko) Chrome/64.0.3282.186 Safari/537.36"}}, "experiment": {"Paradigm": "TACL", "Stimuli": "Size-Color Squares", "Experiment": "Assigning-Generated-Categories"}, "observation": {"1": {"stimulus": 32, "trial": 1, "rt": 762}, "0": {"stimulus": 14, "trial": 0, "rt": 864}, "3": {"stimulus": 12, "trial": 3, "rt": 727}, "2": {"stimulus": 30, "trial": 2, "rt": 1111}, "5": {"stimulus": 30, "trial": 5, "rt": 743}, "4": {"stimulus": 14, "trial": 4, "rt": 882}, "7": {"stimulus": 12, "trial": 7, "rt": 1612}, "6": {"stimulus": 32, "trial": 6, "rt": 834}}, "generalization": {}}