{"info": {"participant": 21, "exposed": true, "stimuli": [30, 32, 48, 50, 7, 8, 16, 17], "lab": true, "pptmatch": 21, "start": 1520321139115, "catflip": false, "categories": [0, 0, 0, 0, 1, 1, 1, 1], "counterbalance": 6, "condition": "Middle", "browser": {"platform": "MacIntel", "userAgent": "Mozilla/5.0 (Macintosh; Intel Mac OS X 10_12_6) AppleWebKit/537.36 (KHTML, like Gecko) Chrome/64.0.3282.186 Safari/537.36"}}, "assignment": {"1": {"stimulus": 16, "trial": 1, "rt": 689, "correctcat": 1, "response": "Beta"}, "0": {"stimulus": 30, "trial": 0, "rt": 3665, "correctcat": 0, "response": "Beta"}, "3": {"stimulus": 8, "trial": 3, "rt": 565, "correctcat": 1, "response": "Alpha"}, "2": {"stimulus": 50, "trial": 2, "rt": 436, "correctcat": 0, "response": "Alpha"}, "5": {"stimulus": 48, "trial": 5, "rt": 446, "correctcat": 0, "response": "Beta"}, "4": {"stimulus": 7, "trial": 4, "rt": 553, "correctcat": 1, "response": "Alpha"}, "7": {"stimulus": 17, "trial": 7, "rt": 605, "correctcat": 1, "response": "Beta"}, "6": {"stimulus": 32, "trial": 6, "rt": 538, "correctcat": 0, "response": "Beta"}}, "experiment": {"Paradigm": "TACL", "Stimuli": "Size-Color Squares", "Experiment": "Assigning-Generated-Categories"}, "observation": {"1": {"stimulus": 30, "trial": 1, "rt": 1596}, "0": {"stimulus": 32, "trial": 0, "rt": 9904}, "3": {"stimulus": 50, "trial": 3, "rt": 1270}, "2": {"stimulus": 48, "trial": 2, "rt": 1543}, "5": {"stimulus": 16, "trial": 5, "rt": 1563}, "4": {"stimulus": 8, "trial": 4, "rt": 860}, "7": {"stimulus": 17, "trial": 7, "rt": 1288}, "6": {"stimulus": 7, "trial": 6, "rt": 803}}} "trial": 6, "rt": 803}}}