{"info": {"finish": 1520898503577, "participant": 220, "exposed": false, "stimuli": [12, 14, 30, 32, 0, 72, 18, 36], "lab": null, "pptmatch": 92, "start": 1520898474407, "catflip": true, "categories": [1, 1, 1, 1, 0, 0, 0, 0], "counterbalance": 0, "condition": "Bottom", "browser": {"platform": "MacIntel", "userAgent": "Mozilla/5.0 (Macintosh; Intel Mac OS X 10_12_6) AppleWebKit/537.36 (KHTML, like Gecko) Chrome/64.0.3282.186 Safari/537.36"}}, "assignment": {}, "experiment": {"Paradigm": "TACL", "Stimuli": "Size-Color Squares", "Experiment": "Assigning-Generated-Categories"}, "goodness": {"9": {"stimulus": -1, "trial": 9, "categoryRate": "Beta", "rt": 18857, "rating": 10}, "8": {"stimulus": -1, "trial": 8, "categoryRate": "Alpha", "rt": 6448, "rating": 6}}, "submit": {}}