{"info": {"finish": 1520898570806, "participant": 222, "exposed": false, "stimuli": [12, 14, 30, 32, 0, 39, 1, 35], "lab": null, "pptmatch": 111, "start": 1520898560480, "catflip": false, "categories": [0, 0, 0, 0, 1, 1, 1, 1], "counterbalance": 7, "condition": "Bottom", "browser": {"platform": "MacIntel", "userAgent": "Mozilla/5.0 (Macintosh; Intel Mac OS X 10_12_6) AppleWebKit/537.36 (KHTML, like Gecko) Chrome/64.0.3282.186 Safari/537.36"}}, "assignment": {}, "experiment": {"Paradigm": "TACL", "Stimuli": "Size-Color Squares", "Experiment": "Assigning-Generated-Categories"}, "goodness": {"9": {"stimulus": -1, "trial": 9, "categoryRate": "Beta", "rt": 3950, "rating": 9}, "8": {"stimulus": -1, "trial": 8, "categoryRate": "Alpha", "rt": 5408, "rating": 7}}, "submit": {}}