{"info": {"participant": 229, "exposed": false, "stimuli": [30, 32, 48, 50, 69, 79, 80, 70], "lab": null, "pptmatch": 105, "start": 1520898984819, "catflip": false, "categories": [0, 0, 0, 0, 1, 1, 1, 1], "counterbalance": 0, "condition": "Middle", "browser": {"platform": "MacIntel", "userAgent": "Mozilla/5.0 (Macintosh; Intel Mac OS X 10_12_6) AppleWebKit/537.36 (KHTML, like Gecko) Chrome/64.0.3282.186 Safari/537.36"}}, "assignment": {}, "experiment": {"Paradigm": "TACL", "Stimuli": "Size-Color Squares", "Experiment": "Assigning-Generated-Categories"}, "goodness": {}, "submit": {}}