{"info": {"participant": 243, "exposed": false, "stimuli": [12, 14, 30, 32, 78, 76, 79, 74], "lab": null, "pptmatch": 28, "start": 1520900344704, "catflip": true, "categories": [1, 1, 1, 1, 0, 0, 0, 0], "counterbalance": 1, "condition": "Bottom", "browser": {"platform": "MacIntel", "userAgent": "Mozilla/5.0 (Macintosh; Intel Mac OS X 10_12_6) AppleWebKit/537.36 (KHTML, like Gecko) Chrome/64.0.3282.186 Safari/537.36"}}, "assignment": {}, "experiment": {"Paradigm": "TACL", "Stimuli": "Size-Color Squares", "Experiment": "Assigning-Generated-Categories"}, "goodness": {}, "submit": {}}