{"info": {"participant": 256, "exposed": false, "stimuli": [12, 14, 30, 32, 71, 80, 63, 72], "lab": null, "pptmatch": 49, "start": 1520901162255, "catflip": true, "categories": [1, 1, 1, 1, 0, 0, 0, 0], "counterbalance": 6, "condition": "Bottom", "browser": {"platform": "MacIntel", "userAgent": "Mozilla/5.0 (Macintosh; Intel Mac OS X 10_12_6) AppleWebKit/537.36 (KHTML, like Gecko) Chrome/64.0.3282.186 Safari/537.36"}}, "assignment": {}, "experiment": {"Paradigm": "TACL", "Stimuli": "Size-Color Squares", "Experiment": "Assigning-Generated-Categories"}, "goodness": {}, "submit": {}}