{"info": {"finish": 1520901369555, "participant": 262, "exposed": false, "stimuli": [12, 14, 30, 32, 79, 80, 76, 78], "lab": null, "pptmatch": 91, "start": 1520901362338, "catflip": true, "categories": [1, 1, 1, 1, 0, 0, 0, 0], "counterbalance": 3, "condition": "Bottom", "browser": {"platform": "MacIntel", "userAgent": "Mozilla/5.0 (Macintosh; Intel Mac OS X 10_12_6) AppleWebKit/537.36 (KHTML, like Gecko) Chrome/64.0.3282.186 Safari/537.36"}}, "assignment": {}, "experiment": {"Paradigm": "TACL", "Stimuli": "Size-Color Squares", "Experiment": "Assigning-Generated-Categories"}, "goodness": {"9": {"stimulus": -1, "trial": 9, "categoryRate": "Alpha", "rt": 3141, "rating": 8}, "8": {"stimulus": -1, "trial": 8, "categoryRate": "Beta", "rt": 2647, "rating": 7}}, "submit": {}}