{"info": {"finish": 1520901932284, "participant": 265, "exposed": false, "stimuli": [12, 14, 30, 32, 80, 0, 72, 16], "lab": null, "pptmatch": 5, "start": 1520901928755, "catflip": false, "categories": [0, 0, 0, 0, 1, 1, 1, 1], "counterbalance": 4, "condition": "Bottom", "browser": {"platform": "MacIntel", "userAgent": "Mozilla/5.0 (Macintosh; Intel Mac OS X 10_12_6) AppleWebKit/537.36 (KHTML, like Gecko) Chrome/64.0.3282.186 Safari/537.36"}}, "assignment": {}, "experiment": {"Paradigm": "TACL", "Stimuli": "Size-Color Squares", "Experiment": "Assigning-Generated-Categories"}, "goodness": {"9": {"stimulus": -1, "trial": 9, "categoryRate": "Alpha", "rt": 969, "rating": 7}, "8": {"stimulus": -1, "trial": 8, "categoryRate": "Beta", "rt": 1332, "rating": 7}}, "submit": {}}