{"info": {"participant": 266, "exposed": false, "stimuli": [30, 32, 48, 50, 80, 54, 25, 0], "lab": null, "pptmatch": 6, "start": 1520902088112, "catflip": false, "categories": [0, 0, 0, 0, 1, 1, 1, 1], "counterbalance": 7, "condition": "Middle", "browser": {"platform": "MacIntel", "userAgent": "Mozilla/5.0 (Macintosh; Intel Mac OS X 10_12_6) AppleWebKit/537.36 (KHTML, like Gecko) Chrome/64.0.3282.186 Safari/537.36"}}, "assignment": {}, "experiment": {"Paradigm": "TACL", "Stimuli": "Size-Color Squares", "Experiment": "Assigning-Generated-Categories"}, "goodness": {"9": {"stimulus": -1, "trial": 9, "categoryRate": "Beta", "rt": 1320, "rating": 6}, "8": {"stimulus": -1, "trial": 8, "categoryRate": "Alpha", "rt": 1285, "rating": 7}}, "submit": {}}