{"info": {"finish": 1520902674449, "participant": 268, "exposed": false, "stimuli": [12, 14, 30, 32, 57, 59, 68, 66], "lab": null, "pptmatch": 89, "start": 1520902670833, "catflip": false, "categories": [0, 0, 0, 0, 1, 1, 1, 1], "counterbalance": 2, "condition": "Bottom", "browser": {"platform": "MacIntel", "userAgent": "Mozilla/5.0 (Macintosh; Intel Mac OS X 10_12_6) AppleWebKit/537.36 (KHTML, like Gecko) Chrome/64.0.3282.186 Safari/537.36"}}, "assignment": {}, "experiment": {"Paradigm": "TACL", "Stimuli": "Size-Color Squares", "Experiment": "Assigning-Generated-Categories"}, "goodness": {"9": {"stimulus": -1, "trial": 9, "categoryRate": "Alpha", "rt": 1062, "rating": 8}, "8": {"stimulus": -1, "trial": 8, "categoryRate": "Beta", "rt": 1194, "rating": 8}}, "submit": {}}