{"info": {"finish": 1520902874699, "participant": 271, "exposed": false, "stimuli": [12, 14, 30, 32, 22, 39, 36, 43], "lab": null, "pptmatch": 41, "start": 1520902870562, "catflip": false, "categories": [0, 0, 0, 0, 1, 1, 1, 1], "counterbalance": 5, "condition": "Bottom", "browser": {"platform": "MacIntel", "userAgent": "Mozilla/5.0 (Macintosh; Intel Mac OS X 10_12_6) AppleWebKit/537.36 (KHTML, like Gecko) Chrome/64.0.3282.186 Safari/537.36"}}, "assignment": {}, "experiment": {"Paradigm": "TACL", "Stimuli": "Size-Color Squares", "Experiment": "Assigning-Generated-Categories"}, "goodness": {"9": {"stimulus": -1, "trial": 9, "categoryRate": "Beta", "rt": 736, "rating": 8}, "8": {"stimulus": -1, "trial": 8, "categoryRate": "Alpha", "rt": 1699, "rating": 9}}, "submit": {}}