{"info": {"participant": 273, "exposed": false, "stimuli": [12, 14, 30, 32, 64, 72, 36, 54], "lab": null, "pptmatch": 34, "start": 1520902953499, "catflip": false, "categories": [0, 0, 0, 0, 1, 1, 1, 1], "counterbalance": 6, "condition": "Bottom", "browser": {"platform": "MacIntel", "userAgent": "Mozilla/5.0 (Macintosh; Intel Mac OS X 10_12_6) AppleWebKit/537.36 (KHTML, like Gecko) Chrome/64.0.3282.186 Safari/537.36"}}, "assignment": {}, "experiment": {"Paradigm": "TACL", "Stimuli": "Size-Color Squares", "Experiment": "Assigning-Generated-Categories"}, "goodness": {"9": {"stimulus": -1, "trial": 9, "categoryRate": "Beta", "rt": 2737, "rating": 7}, "8": {"stimulus": -1, "trial": 8, "categoryRate": "Alpha", "rt": 4647, "rating": 6}}, "submit": {}}