{"info": {"finish": 1520903005582, "participant": 274, "exposed": false, "stimuli": [30, 32, 48, 50, 80, 0, 8, 72], "lab": null, "pptmatch": 84, "start": 1520903001806, "catflip": true, "categories": [1, 1, 1, 1, 0, 0, 0, 0], "counterbalance": 1, "condition": "Middle", "browser": {"platform": "MacIntel", "userAgent": "Mozilla/5.0 (Macintosh; Intel Mac OS X 10_12_6) AppleWebKit/537.36 (KHTML, like Gecko) Chrome/64.0.3282.186 Safari/537.36"}}, "assignment": {}, "experiment": {"Paradigm": "TACL", "Stimuli": "Size-Color Squares", "Experiment": "Assigning-Generated-Categories"}, "goodness": {"9": {"stimulus": -1, "trial": 9, "categoryRate": "Alpha", "rt": 1308, "rating": 8}, "8": {"stimulus": -1, "trial": 8, "categoryRate": "Beta", "rt": 1800, "rating": 7}}, "submit": {}}