{"info": {"participant": 277, "exposed": false, "stimuli": [30, 32, 48, 50, 17, 8, 16, 7], "lab": null, "pptmatch": 103, "start": 1520903343201, "catflip": true, "categories": [1, 1, 1, 1, 0, 0, 0, 0], "counterbalance": 2, "condition": "Middle", "browser": {"platform": "MacIntel", "userAgent": "Mozilla/5.0 (Macintosh; Intel Mac OS X 10_12_6) AppleWebKit/537.36 (KHTML, like Gecko) Chrome/64.0.3282.186 Safari/537.36"}}, "assignment": {}, "experiment": {"Paradigm": "TACL", "Stimuli": "Size-Color Squares", "Experiment": "Assigning-Generated-Categories"}, "goodness": {"9": {"stimulus": -1, "trial": 9, "categoryRate": "Beta", "rt": 691, "rating": 7}, "8": {"stimulus": -1, "trial": 8, "categoryRate": "Alpha", "rt": 2262, "rating": 7}}, "submit": {}}ting": 7}}, "submit": {}}