{"info": {"finish": 1520903838660, "participant": 279, "exposed": false, "stimuli": [30, 32, 48, 50, 9, 0, 27, 18], "lab": null, "pptmatch": 29, "start": 1520903834738, "catflip": false, "categories": [0, 0, 0, 0, 1, 1, 1, 1], "counterbalance": 5, "condition": "Middle", "browser": {"platform": "MacIntel", "userAgent": "Mozilla/5.0 (Macintosh; Intel Mac OS X 10_12_6) AppleWebKit/537.36 (KHTML, like Gecko) Chrome/64.0.3282.186 Safari/537.36"}}, "assignment": {}, "experiment": {"Paradigm": "TACL", "Stimuli": "Size-Color Squares", "Experiment": "Assigning-Generated-Categories"}, "goodness": {"9": {"stimulus": -1, "trial": 9, "categoryRate": "Alpha", "rt": 1127, "rating": 7}, "8": {"stimulus": -1, "trial": 8, "categoryRate": "Beta", "rt": 1844, "rating": 7}}, "submit": {}}