{"info": {"participant": 281, "exposed": false, "stimuli": [12, 14, 30, 32, 72, 80, 74, 78], "lab": null, "pptmatch": 77, "start": 1520904904093, "catflip": true, "categories": [1, 1, 1, 1, 0, 0, 0, 0], "counterbalance": 0, "condition": "Bottom", "browser": {"platform": "MacIntel", "userAgent": "Mozilla/5.0 (Macintosh; Intel Mac OS X 10_12_6) AppleWebKit/537.36 (KHTML, like Gecko) Chrome/64.0.3282.186 Safari/537.36"}}, "assignment": {}, "experiment": {"Paradigm": "TACL", "Stimuli": "Size-Color Squares", "Experiment": "Assigning-Generated-Categories"}, "goodness": {"9": {"stimulus": -1, "trial": 9, "categoryRate": "Alpha", "rt": 1682, "rating": 7}, "8": {"stimulus": -1, "trial": 8, "categoryRate": "Beta", "rt": 2880, "rating": 6}}, "submit": {}}