{"info": {"finish": 1520905022576, "participant": 283, "exposed": false, "stimuli": [12, 14, 30, 32, 17, 35, 34, 80], "lab": null, "pptmatch": 90, "start": 1520905018220, "catflip": true, "categories": [1, 1, 1, 1, 0, 0, 0, 0], "counterbalance": 5, "condition": "Bottom", "browser": {"platform": "MacIntel", "userAgent": "Mozilla/5.0 (Macintosh; Intel Mac OS X 10_12_6) AppleWebKit/537.36 (KHTML, like Gecko) Chrome/64.0.3282.186 Safari/537.36"}}, "assignment": {}, "experiment": {"Paradigm": "TACL", "Stimuli": "Size-Color Squares", "Experiment": "Assigning-Generated-Categories"}, "goodness": {"9": {"stimulus": -1, "trial": 9, "categoryRate": "Beta", "rt": 1828, "rating": 7}, "8": {"stimulus": -1, "trial": 8, "categoryRate": "Alpha", "rt": 1441, "rating": 7}}, "submit": {}}