{"info": {"finish": 1520905070252, "participant": 284, "exposed": false, "stimuli": [12, 14, 30, 32, 17, 63, 28, 32], "lab": null, "pptmatch": 115, "start": 1520905066388, "catflip": false, "categories": [0, 0, 0, 0, 1, 1, 1, 1], "counterbalance": 7, "condition": "Bottom", "browser": {"platform": "MacIntel", "userAgent": "Mozilla/5.0 (Macintosh; Intel Mac OS X 10_12_6) AppleWebKit/537.36 (KHTML, like Gecko) Chrome/64.0.3282.186 Safari/537.36"}}, "assignment": {}, "experiment": {"Paradigm": "TACL", "Stimuli": "Size-Color Squares", "Experiment": "Assigning-Generated-Categories"}, "goodness": {"9": {"stimulus": -1, "trial": 9, "categoryRate": "Alpha", "rt": 1667, "rating": 7}, "8": {"stimulus": -1, "trial": 8, "categoryRate": "Beta", "rt": 1265, "rating": 8}}, "submit": {}}