{"info": {"finish": 1520906249288, "participant": 291, "exposed": false, "stimuli": [30, 32, 48, 50, 79, 8, 70, 17], "lab": null, "pptmatch": 97, "start": 1520906244470, "catflip": true, "categories": [1, 1, 1, 1, 0, 0, 0, 0], "counterbalance": 3, "condition": "Middle", "browser": {"platform": "MacIntel", "userAgent": "Mozilla/5.0 (Macintosh; Intel Mac OS X 10_12_6) AppleWebKit/537.36 (KHTML, like Gecko) Chrome/64.0.3282.186 Safari/537.36"}}, "assignment": {}, "experiment": {"Paradigm": "TACL", "Stimuli": "Size-Color Squares", "Experiment": "Assigning-Generated-Categories"}, "goodness": {"9": {"stimulus": -1, "trial": 9, "categoryRate": "Beta", "rt": 1610, "rating": 6}, "8": {"stimulus": -1, "trial": 8, "categoryRate": "Alpha", "rt": 1879, "rating": 8}}, "submit": {}}