{"info": {"finish": 1520906860827, "participant": 296, "exposed": false, "stimuli": [12, 14, 30, 32, 63, 64, 80, 68], "lab": null, "pptmatch": 31, "start": 1520906855670, "catflip": false, "categories": [0, 0, 0, 0, 1, 1, 1, 1], "counterbalance": 1, "condition": "Bottom", "browser": {"platform": "MacIntel", "userAgent": "Mozilla/5.0 (Macintosh; Intel Mac OS X 10_12_6) AppleWebKit/537.36 (KHTML, like Gecko) Chrome/64.0.3282.186 Safari/537.36"}}, "assignment": {}, "experiment": {"Paradigm": "TACL", "Stimuli": "Size-Color Squares", "Experiment": "Assigning-Generated-Categories"}, "goodness": {"9": {"stimulus": -1, "trial": 9, "categoryRate": "Alpha", "rt": 1993, "rating": 7}, "8": {"stimulus": -1, "trial": 8, "categoryRate": "Beta", "rt": 1758, "rating": 8}}, "submit": {}}