{"info": {"finish": 1520906952290, "participant": 297, "exposed": false, "stimuli": [12, 14, 30, 32, 80, 8, 0, 72], "lab": null, "pptmatch": 85, "start": 1520906919260, "catflip": true, "categories": [1, 1, 1, 1, 0, 0, 0, 0], "counterbalance": 1, "condition": "Bottom", "browser": {"platform": "MacIntel", "userAgent": "Mozilla/5.0 (Macintosh; Intel Mac OS X 10_12_6) AppleWebKit/537.36 (KHTML, like Gecko) Chrome/64.0.3282.186 Safari/537.36"}}, "assignment": {}, "experiment": {"Paradigm": "TACL", "Stimuli": "Size-Color Squares", "Experiment": "Assigning-Generated-Categories"}, "goodness": {"1": {"stimulus": 80, "trial": 1, "categoryRate": "NA", "rt": 9603, "rating": 8}, "0": {"stimulus": 0, "trial": 0, "categoryRate": "NA", "rt": 1508, "rating": 8}, "3": {"stimulus": 8, "trial": 3, "categoryRate": "NA", "rt": 1489, "rating": 1}, "2": {"stimulus": 30, "trial": 2, "categoryRate": "NA", "rt": 3853, "rating": 2}, "5": {"stimulus": 72, "trial": 5, "categoryRate": "NA", "rt": 926, "rating": 8}, "4": {"stimulus": 32, "trial": 4, "categoryRate": "NA", "rt": 1050, "rating": 7}, "7": {"stimulus": 12, "trial": 7, "categoryRate": "NA", "rt": 1097, "rating": 3}, "6": {"stimulus": 14, "trial": 6, "categoryRate": "NA", "rt": 1262, "rating": 8}, "9": {"stimulus": -1, "trial": 9, "categoryRate": "Beta", "rt": 2736, "rating": 9}, "8": {"stimulus": -1, "trial": 8, "categoryRate": "Alpha", "rt": 4987, "rating": 8}}, "submit": {}}