{"info": {"participant": 299, "exposed": false, "stimuli": [30, 32, 48, 50, 77, 72, 74, 75], "lab": null, "pptmatch": 11, "start": 1520907048462, "catflip": false, "categories": [0, 0, 0, 0, 1, 1, 1, 1], "counterbalance": 1, "condition": "Middle", "browser": {"platform": "MacIntel", "userAgent": "Mozilla/5.0 (Macintosh; Intel Mac OS X 10_12_6) AppleWebKit/537.36 (KHTML, like Gecko) Chrome/64.0.3282.186 Safari/537.36"}}, "assignment": {}, "experiment": {"Paradigm": "TACL", "Stimuli": "Size-Color Squares", "Experiment": "Assigning-Generated-Categories"}, "goodness": {"9": {"stimulus": -1, "trial": 9, "categoryRate": "Alpha", "rt": 1050, "rating": 7}, "8": {"stimulus": -1, "trial": 8, "categoryRate": "Beta", "rt": 1452, "rating": 6}}, "submit": {}}ting": 6}}, "submit": {}}