{"generation": {}, "info": {"participant": 3, "exposed": true, "stimuli": [30, 32, 48, 50, 7, 8, 5, 6], "lab": true, "pptmatch": 3, "start": 1520317603747, "categories": [1, 1, 1, 1, 0, 0, 0, 0], "counterbalance": 2, "condition": "Middle", "browser": {"platform": "MacIntel", "userAgent": "Mozilla/5.0 (Macintosh; Intel Mac OS X 10_12_6) AppleWebKit/537.36 (KHTML, like Gecko) Chrome/64.0.3282.186 Safari/537.36"}}, "experiment": {"Paradigm": "TACL", "Stimuli": "Size-Color Squares", "Experiment": "Assigning-Generated-Categories"}, "observation": {"1": {"stimulus": 48, "trial": 1, "rt": 674}, "0": {"stimulus": 50, "trial": 0, "rt": 847}, "3": {"stimulus": 30, "trial": 3, "rt": 756}, "2": {"stimulus": 32, "trial": 2, "rt": 873}, "5": {"stimulus": 50, "trial": 5, "rt": 946}, "4": {"stimulus": 32, "trial": 4, "rt": 806}, "7": {"stimulus": 48, "trial": 7, "rt": 903}, "6": {"stimulus": 30, "trial": 6, "rt": 820}}, "generalization": {}}