{"info": {"finish": 1520907126598, "participant": 300, "exposed": false, "stimuli": [30, 32, 48, 50, 9, 0, 27, 18], "lab": null, "pptmatch": 29, "start": 1520907122263, "catflip": false, "categories": [0, 0, 0, 0, 1, 1, 1, 1], "counterbalance": 5, "condition": "Middle", "browser": {"platform": "MacIntel", "userAgent": "Mozilla/5.0 (Macintosh; Intel Mac OS X 10_12_6) AppleWebKit/537.36 (KHTML, like Gecko) Chrome/64.0.3282.186 Safari/537.36"}}, "assignment": {}, "experiment": {"Paradigm": "TACL", "Stimuli": "Size-Color Squares", "Experiment": "Assigning-Generated-Categories"}, "goodness": {"9": {"stimulus": -1, "trial": 9, "categoryRate": "Beta", "rt": 1097, "rating": 7}, "8": {"stimulus": -1, "trial": 8, "categoryRate": "Alpha", "rt": 2230, "rating": 7}}, "submit": {"timeTotal": 17149, "age": "23", "comments": "", "sex": "23"}}