{"info": {"finish": 1520907223449, "participant": 302, "exposed": false, "stimuli": [30, 32, 48, 50, 26, 35, 52, 17], "lab": null, "pptmatch": 64, "start": 1520907169391, "catflip": false, "categories": [0, 0, 0, 0, 1, 1, 1, 1], "counterbalance": 7, "condition": "Middle", "browser": {"platform": "MacIntel", "userAgent": "Mozilla/5.0 (Macintosh; Intel Mac OS X 10_12_6) AppleWebKit/537.36 (KHTML, like Gecko) Chrome/64.0.3282.186 Safari/537.36"}}, "assignment": {}, "experiment": {"Paradigm": "TACL", "Stimuli": "Size-Color Squares", "Experiment": "Assigning-Generated-Categories"}, "goodness": {"1": {"stimulus": 32, "trial": 1, "categoryRate": "NA", "rt": 960, "rating": 9}, "0": {"stimulus": 48, "trial": 0, "categoryRate": "NA", "rt": 1770, "rating": 9}, "3": {"stimulus": 50, "trial": 3, "categoryRate": "NA", "rt": 883, "rating": 8}, "2": {"stimulus": 30, "trial": 2, "categoryRate": "NA", "rt": 881, "rating": 8}, "5": {"stimulus": 26, "trial": 5, "categoryRate": "NA", "rt": 2378, "rating": 4}, "4": {"stimulus": 35, "trial": 4, "categoryRate": "NA", "rt": 892, "rating": 1}, "7": {"stimulus": 17, "trial": 7, "categoryRate": "NA", "rt": 948, "rating": 1}, "6": {"stimulus": 52, "trial": 6, "categoryRate": "NA", "rt": 1220, "rating": 8}, "9": {"stimulus": -1, "trial": 9, "categoryRate": "Alpha", "rt": 3465, "rating": 7}, "8": {"stimulus": -1, "trial": 8, "categoryRate": "Beta", "rt": 38975, "rating": 7}}, "submit": {}}