{"info": {"participant": 303, "exposed": false, "stimuli": [12, 14, 30, 32, 73, 72, 75, 74], "lab": null, "pptmatch": 4, "start": 1520907239186, "catflip": true, "categories": [1, 1, 1, 1, 0, 0, 0, 0], "counterbalance": 0, "condition": "Bottom", "browser": {"platform": "MacIntel", "userAgent": "Mozilla/5.0 (Macintosh; Intel Mac OS X 10_12_6) AppleWebKit/537.36 (KHTML, like Gecko) Chrome/64.0.3282.186 Safari/537.36"}}, "assignment": {}, "experiment": {"Paradigm": "TACL", "Stimuli": "Size-Color Squares", "Experiment": "Assigning-Generated-Categories"}, "goodness": {"1": {"stimulus": 73, "trial": 1, "categoryRate": "NA", "rt": 1186, "rating": 7}, "0": {"stimulus": 75, "trial": 0, "categoryRate": "NA", "rt": 3311, "rating": 8}, "3": {"stimulus": 30, "trial": 3, "categoryRate": "NA", "rt": 1478, "rating": 7}, "2": {"stimulus": 12, "trial": 2, "categoryRate": "NA", "rt": 1019, "rating": 8}, "5": {"stimulus": 74, "trial": 5, "categoryRate": "NA", "rt": 1253, "rating": 7}, "4": {"stimulus": 72, "trial": 4, "categoryRate": "NA", "rt": 962, "rating": 8}, "7": {"stimulus": 32, "trial": 7, "categoryRate": "NA", "rt": 1230, "rating": 7}, "6": {"stimulus": 14, "trial": 6, "categoryRate": "NA", "rt": 1175, "rating": 8}, "9": {"stimulus": -1, "trial": 9, "categoryRate": "Alpha", "rt": 1025, "rating": 8}, "8": {"stimulus": -1, "trial": 8, "categoryRate": "Beta", "rt": 4435, "rating": 7}}, "submit": {}}