{"info": {"participant": 315, "exposed": false, "stimuli": [30, 32, 48, 50, 0, 80, 8, 72], "lab": null, "pptmatch": 104, "start": 1521154398902, "catflip": false, "categories": [0, 0, 0, 0, 1, 1, 1, 1], "counterbalance": 7, "condition": "Middle", "browser": {"platform": "MacIntel", "userAgent": "Mozilla/5.0 (Macintosh; Intel Mac OS X 10_12_6) AppleWebKit/537.36 (KHTML, like Gecko) Chrome/64.0.3282.186 Safari/537.36"}}, "assignment": {}, "experiment": {"Paradigm": "TACL", "Stimuli": "Size-Color Squares", "Experiment": "Assigning-Generated-Categories"}, "goodness": {}, "submit": {}}