{"generation": {}, "info": {"participant": 4, "exposed": true, "stimuli": [12, 14, 30, 32, 73, 72, 75, 74], "lab": true, "pptmatch": 4, "start": 1520317689776, "categories": [1, 1, 1, 1, 0, 0, 0, 0], "counterbalance": 0, "condition": "Bottom", "browser": {"platform": "MacIntel", "userAgent": "Mozilla/5.0 (Macintosh; Intel Mac OS X 10_12_6) AppleWebKit/537.36 (KHTML, like Gecko) Chrome/64.0.3282.186 Safari/537.36"}}, "experiment": {"Paradigm": "TACL", "Stimuli": "Size-Color Squares", "Experiment": "Assigning-Generated-Categories"}, "observation": {"1": {"stimulus": 32, "trial": 1, "rt": 799}, "0": {"stimulus": 12, "trial": 0, "rt": 1002}, "3": {"stimulus": 14, "trial": 3, "rt": 886}, "2": {"stimulus": 30, "trial": 2, "rt": 2353}, "5": {"stimulus": 32, "trial": 5, "rt": 952}, "4": {"stimulus": 14, "trial": 4, "rt": 912}, "7": {"stimulus": 30, "trial": 7, "rt": 1095}, "6": {"stimulus": 12, "trial": 6, "rt": 1435}}, "generalization": {}}