{"info": {"participant": 43, "exposed": true, "stimuli": [30, 32, 48, 50, 79, 80, 78, 72], "lab": null, "pptmatch": 43, "start": 1520537556197, "catflip": true, "categories": [1, 1, 1, 1, 0, 0, 0, 0], "counterbalance": 6, "condition": "Middle", "browser": {"platform": "MacIntel", "userAgent": "Mozilla/5.0 (Macintosh; Intel Mac OS X 10_12_6) AppleWebKit/537.36 (KHTML, like Gecko) Chrome/64.0.3282.186 Safari/537.36"}}, "assignment": {}, "experiment": {"Paradigm": "TACL", "Stimuli": "Size-Color Squares", "Experiment": "Assigning-Generated-Categories"}, "observation": {}}