{"info": {"finish": 1520538038452, "participant": 46, "exposed": true, "stimuli": [12, 14, 30, 32, 64, 63, 46, 74], "lab": true, "pptmatch": 46, "start": 1520537847352, "catflip": false, "categories": [0, 0, 0, 0, 1, 1, 1, 1], "counterbalance": 0, "condition": "Bottom", "browser": {"platform": "MacIntel", "userAgent": "Mozilla/5.0 (Macintosh; Intel Mac OS X 10_12_6) AppleWebKit/537.36 (KHTML, like Gecko) Chrome/64.0.3282.186 Safari/537.36"}}, "assignment": {"20": {"stimulus": 32, "trial": 20, "rt": 752, "correctcat": 0, "response": 1}, "21": {"stimulus": 12, "trial": 21, "rt": 833, "correctcat": 0, "response": 0}, "22": {"stimulus": 30, "trial": 22, "rt": 1303, "correctcat": 0, "response": 1}, "23": {"stimulus": 63, "trial": 23, "rt": 83697, "correctcat": 1, "response": 0}, "1": {"stimulus": 64, "trial": 1, "rt": 1214, "correctcat": 1, "response": 0}, "0": {"stimulus": 74, "trial": 0, "rt": 822, "correctcat": 1, "response": 1}, "3": {"stimulus": 14, "trial": 3, "rt": 798, "correctcat": 0, "response": 0}, "2": {"stimulus": 32, "trial": 2, "rt": 620, "correctcat": 0, "response": 1}, "5": {"stimulus": 12, "trial": 5, "rt": 801, "correctcat": 0, "response": 0}, "4": {"stimulus": 46, "trial": 4, "rt": 746, "correctcat": 1, "response": 1}, "7": {"stimulus": 32, "trial": 7, "rt": 699, "correctcat": 0, "response": 0}, "6": {"stimulus": 46, "trial": 6, "rt": 445, "correctcat": 1, "response": 0}, "9": {"stimulus": 63, "trial": 9, "rt": 890, "correctcat": 1, "response": 0}, "8": {"stimulus": 30, "trial": 8, "rt": 507, "correctcat": 0, "response": 1}, "11": {"stimulus": 30, "trial": 11, "rt": 5604, "correctcat": 0, "response": 0}, "10": {"stimulus": 64, "trial": 10, "rt": 777, "correctcat": 1, "response": 1}, "13": {"stimulus": 63, "trial": 13, "rt": 4675, "correctcat": 1, "response": 0}, "12": {"stimulus": 64, "trial": 12, "rt": 3426, "correctcat": 1, "response": 1}, "15": {"stimulus": 74, "trial": 15, "rt": 443, "correctcat": 1, "response": 0}, "14": {"stimulus": 14, "trial": 14, "rt": 8677, "correctcat": 0, "response": 0}, "17": {"stimulus": 14, "trial": 17, "rt": 402, "correctcat": 0, "response": 1}, "16": {"stimulus": 74, "trial": 16, "rt": 311, "correctcat": 1, "response": 1}, "19": {"stimulus": 12, "trial": 19, "rt": 660, "correctcat": 0, "response": 1}, "18": {"stimulus": 46, "trial": 18, "rt": 692, "correctcat": 1, "response": 1}}, "experiment": {"Paradigm": "TACL", "Stimuli": "Size-Color Squares", "Experiment": "Assigning-Generated-Categories"}, "observation": {}}