{"info": {"participant": 48, "exposed": true, "stimuli": [12, 14, 30, 32, 17, 8, 35, 26], "lab": true, "pptmatch": 48, "start": 1520556103863, "catflip": true, "categories": [1, 1, 1, 1, 0, 0, 0, 0], "counterbalance": 4, "condition": "Bottom", "browser": {"platform": "MacIntel", "userAgent": "Mozilla/5.0 (Macintosh; Intel Mac OS X 10_12_6) AppleWebKit/537.36 (KHTML, like Gecko) Chrome/64.0.3282.186 Safari/537.36"}}, "assignment": {"1": {"stimulus": 12, "trial": 1, "rt": 4756, "correctcat": 1, "response": 1}, "0": {"stimulus": 8, "trial": 0, "rt": 1192, "correctcat": 0, "response": 0}, "3": {"stimulus": 26, "trial": 3, "rt": 296, "correctcat": 0, "response": 0}, "2": {"stimulus": 30, "trial": 2, "rt": 308, "correctcat": 1, "response": 1}, "5": {"stimulus": 17, "trial": 5, "rt": 291, "correctcat": 0, "response": 0}, "4": {"stimulus": 14, "trial": 4, "rt": 281, "correctcat": 1, "response": 0}, "7": {"stimulus": 35, "trial": 7, "rt": 310, "correctcat": 0, "response": 1}, "6": {"stimulus": 32, "trial": 6, "rt": 315, "correctcat": 1, "response": 1}}, "experiment": {"Paradigm": "TACL", "Stimuli": "Size-Color Squares", "Experiment": "Assigning-Generated-Categories"}, "observation": {}}