{"generation": {}, "info": {"participant": 5, "exposed": true, "stimuli": [12, 14, 30, 32, 80, 0, 72, 16], "lab": null, "pptmatch": 5, "start": 1520317714568, "categories": [1, 1, 1, 1, 0, 0, 0, 0], "counterbalance": 4, "condition": "Bottom", "browser": {"platform": "MacIntel", "userAgent": "Mozilla/5.0 (Macintosh; Intel Mac OS X 10_12_6) AppleWebKit/537.36 (KHTML, like Gecko) Chrome/64.0.3282.186 Safari/537.36"}}, "experiment": {"Paradigm": "TACL", "Stimuli": "Size-Color Squares", "Experiment": "Assigning-Generated-Categories"}, "observation": {}, "generalization": {}}