{"generation": {}, "info": {"participant": 6, "exposed": true, "stimuli": [30, 32, 48, 50, 80, 54, 25, 0], "lab": true, "pptmatch": 6, "start": 1520317744784, "categories": [0, 0, 0, 0, 1, 1, 1, 1], "counterbalance": 7, "condition": "Middle", "browser": {"platform": "MacIntel", "userAgent": "Mozilla/5.0 (Macintosh; Intel Mac OS X 10_12_6) AppleWebKit/537.36 (KHTML, like Gecko) Chrome/64.0.3282.186 Safari/537.36"}}, "experiment": {"Paradigm": "TACL", "Stimuli": "Size-Color Squares", "Experiment": "Assigning-Generated-Categories"}, "observation": {"1": {"stimulus": 50, "trial": 1, "rt": 1318}, "0": {"stimulus": 48, "trial": 0, "rt": 1365}, "3": {"stimulus": 30, "trial": 3, "rt": 1068}, "2": {"stimulus": 32, "trial": 2, "rt": 1163}, "5": {"stimulus": 54, "trial": 5, "rt": 748}, "4": {"stimulus": 80, "trial": 4, "rt": 835}, "7": {"stimulus": 25, "trial": 7, "rt": 792}, "6": {"stimulus": 0, "trial": 6, "rt": 816}}, "generalization": {}}