{"generation": {}, "info": {"participant": 8, "exposed": false, "stimuli": [12, 14, 30, 32, 67, 76, 80, 78], "lab": null, "pptmatch": 8, "start": 1520317853035, "categories": [0, 0, 0, 0, 1, 1, 1, 1], "counterbalance": 2, "condition": "Bottom", "browser": {"platform": "MacIntel", "userAgent": "Mozilla/5.0 (Macintosh; Intel Mac OS X 10_12_6) AppleWebKit/537.36 (KHTML, like Gecko) Chrome/64.0.3282.186 Safari/537.36"}}, "experiment": {"Paradigm": "TACL", "Stimuli": "Size-Color Squares", "Experiment": "Assigning-Generated-Categories"}, "observation": {}, "generalization": {}}