{"info": {"participant": 81, "exposed": false, "stimuli": [30, 32, 48, 50, 71, 80, 53, 62], "lab": null, "pptmatch": 81, "start": 1520645388104, "catflip": false, "categories": [0, 0, 0, 0, 1, 1, 1, 1], "counterbalance": 6, "condition": "Middle", "browser": {"platform": "MacIntel", "userAgent": "Mozilla/5.0 (Macintosh; Intel Mac OS X 10_12_6) AppleWebKit/537.36 (KHTML, like Gecko) Chrome/64.0.3282.186 Safari/537.36"}}, "assignment": {}, "experiment": {"Paradigm": "TACL", "Stimuli": "Size-Color Squares", "Experiment": "Assigning-Generated-Categories"}, "observation": {}}