{"info": {"participant": 88, "exposed": false, "stimuli": [30, 32, 48, 50, 6, 48, 18, 15], "lab": null, "pptmatch": 88, "start": 1520805023788, "catflip": false, "categories": [0, 0, 0, 0, 1, 1, 1, 1], "counterbalance": 0, "condition": "Middle", "browser": {"platform": "MacIntel", "userAgent": "Mozilla/5.0 (Macintosh; Intel Mac OS X 10_12_6) AppleWebKit/537.36 (KHTML, like Gecko) Chrome/64.0.3282.186 Safari/537.36"}}, "assignment": {}, "experiment": {"Paradigm": "TACL", "Stimuli": "Size-Color Squares", "Experiment": "Assigning-Generated-Categories"}, "observation": {}}