{"generation": {}, "info": {"participant": 9, "exposed": true, "stimuli": [12, 14, 30, 32, 80, 72, 74, 78], "lab": true, "pptmatch": 9, "start": 1520317886234, "categories": [1, 1, 1, 1, 0, 0, 0, 0], "counterbalance": 3, "condition": "Bottom", "browser": {"platform": "MacIntel", "userAgent": "Mozilla/5.0 (Macintosh; Intel Mac OS X 10_12_6) AppleWebKit/537.36 (KHTML, like Gecko) Chrome/64.0.3282.186 Safari/537.36"}}, "experiment": {"Paradigm": "TACL", "Stimuli": "Size-Color Squares", "Experiment": "Assigning-Generated-Categories"}, "observation": {"1": {"stimulus": 32, "trial": 1, "rt": 871}, "0": {"stimulus": 14, "trial": 0, "rt": 972}, "3": {"stimulus": 30, "trial": 3, "rt": 784}, "2": {"stimulus": 12, "trial": 2, "rt": 764}, "5": {"stimulus": 32, "trial": 5, "rt": 978}, "4": {"stimulus": 12, "trial": 4, "rt": 1286}, "7": {"stimulus": 30, "trial": 7, "rt": 831}, "6": {"stimulus": 14, "trial": 6, "rt": 784}}, "generalization": {}}